svyear,ER,XR,XSH,ESH,XRS,ERS
2000-2005,2.22499467846077,0.557058726141766,0.420526762955703,0.544516283584659,0.577039344575211,0.238407422610101
2005-2010,2.00544152575419,0.467049523201815,0.277738366267059,0.494508632215216,0.438798619573165,0.259917707111017
2010-2015,1.01102273679506,0.423483282589872,0.200612432115474,0.330472715413754,0.34164580120109,0.282434379072716
