svyear,ER,XR,XSH,ESH,XRS,ERS
2000-2005,2.02386084407466,0.5781351036772,0.386441646454344,0.519460920426453,0.459591617856463,0.226100265523221
2005-2010,1.99615974069442,0.46488276639597,0.281309019860834,0.499419548845522,0.450554108425137,0.267055461576895
2010-2015,1.01181359991089,0.425985742927155,0.256700558800219,0.350308066896409,0.465361684551431,0.30524790028234
