svyear,ER,XR,XSH,ESH,XRS,ERS
2000-2005,2.02337354588539,0.57824213700991,0.366526476107881,0.517463184570941,0.422017378497393,0.224865994854463
2005-2010,1.99576659038902,0.464759725400458,0.284956142329421,0.497496533672598,0.458950281782564,0.26501786758405
2010-2015,1.01126421507067,0.425845077037073,0.249919220983245,0.350138776248328,0.449230344013224,0.305078431569314
